<?xml version="1.0" encoding="UTF-8"?>
<project-private xmlns="http://www.netbeans.org/ns/project-private/1">
    <editor-bookmarks xmlns="http://www.netbeans.org/ns/editor-bookmarks/2" lastBookmarkId="0"/>
    <open-files xmlns="http://www.netbeans.org/ns/projectui-open-files/2">
        <group>
            <file>file:/E:/course/Java/NetBeansProjects/Create%20and%20insert%20database/src/create/and/insert/database/CreateAndInsertDatabase.java</file>
            <file>file:/E:/course/Java/NetBeansProjects/Create%20and%20insert%20database/src/create/and/insert/database/studentData.java</file>
        </group>
    </open-files>
</project-private>
